{"40.844784_-73.86483": {"timestamp": 1702829742.4694705, "mean_aqi": 2.154167922821827, "key": "596dff3ac05aeb906e63803d2bfcf01a"}, "40.783058_-73.971252": {"timestamp": 1702829746.142452, "mean_aqi": 2.1591422972565573, "key": "596dff3ac05aeb906e63803d2bfcf01a"}, "40.728226_-73.794853": {"timestamp": 1702829788.5140092, "mean_aqi": 2.155788362978595, "key": "596dff3ac05aeb906e63803d2bfcf01a"}, "40.678177_-73.94416": {"timestamp": 1702829791.624427, "mean_aqi": 2.079062405788363, "key": "596dff3ac05aeb906e63803d2bfcf01a"}, "40.5834557_-74.1496048": {"timestamp": 1702829797.4344895, "mean_aqi": 1.910875791377751, "key": "596dff3ac05aeb906e63803d2bfcf01a"}}