{"40.844784_-73.86483": {"timestamp": 1702503055.9700384, "mean_aqi": 2.154358101720552, "key": "596dff3ac05aeb906e63803d2bfcf01a"}, "40.783058_-73.971252": {"timestamp": 1702503076.7617328, "mean_aqi": 2.1593874078275666, "key": "596dff3ac05aeb906e63803d2bfcf01a"}, "40.728226_-73.794853": {"timestamp": 1702503086.8494458, "mean_aqi": 2.155227831348081, "key": "596dff3ac05aeb906e63803d2bfcf01a"}, "40.678177_-73.94416": {"timestamp": 1702503094.6190977, "mean_aqi": 2.079750425411231, "key": "596dff3ac05aeb906e63803d2bfcf01a"}, "40.5834557_-74.1496048": {"timestamp": 1702503106.0777085, "mean_aqi": 1.9115522783134808, "key": "596dff3ac05aeb906e63803d2bfcf01a"}}