{"40.844784_-73.86483": {"timestamp": 1702498689.4544122, "mean_aqi": 2.154363938889729, "key": "596dff3ac05aeb906e63803d2bfcf01a"}, "40.783058_-73.971252": {"timestamp": 1702498696.5315516, "mean_aqi": 2.1593934351837847, "key": "596dff3ac05aeb906e63803d2bfcf01a"}, "40.728226_-73.794853": {"timestamp": 1702498703.7987456, "mean_aqi": 2.1552337014067464, "key": "596dff3ac05aeb906e63803d2bfcf01a"}, "40.678177_-73.94416": {"timestamp": 1702498708.667687, "mean_aqi": 2.0797534412343066, "key": "596dff3ac05aeb906e63803d2bfcf01a"}, "40.5834557_-74.1496048": {"timestamp": 1702498718.8459694, "mean_aqi": 1.9115867493571321, "key": "596dff3ac05aeb906e63803d2bfcf01a"}}