{"40.844784_-73.86483": {"timestamp": 1702563670.6906404, "mean_aqi": 2.153578716650291, "key": "596dff3ac05aeb906e63803d2bfcf01a"}, "40.783058_-73.971252": {"timestamp": 1702563674.8878925, "mean_aqi": 2.159171642355075, "key": "596dff3ac05aeb906e63803d2bfcf01a"}, "40.728226_-73.794853": {"timestamp": 1702563678.8973844, "mean_aqi": 2.155203688307762, "key": "596dff3ac05aeb906e63803d2bfcf01a"}, "40.678177_-73.94416": {"timestamp": 1702563682.789899, "mean_aqi": 2.0789811805608043, "key": "596dff3ac05aeb906e63803d2bfcf01a"}, "40.5834557_-74.1496048": {"timestamp": 1702563686.9739099, "mean_aqi": 1.9110422492630943, "key": "596dff3ac05aeb906e63803d2bfcf01a"}}