{"40.844784_-73.86483": {"timestamp": 1702840904.2421684, "mean_aqi": 2.154037454312521, "key": "596dff3ac05aeb906e63803d2bfcf01a"}, "40.783058_-73.971252": {"timestamp": 1702840907.0413291, "mean_aqi": 2.159011266438072, "key": "596dff3ac05aeb906e63803d2bfcf01a"}, "40.728226_-73.794853": {"timestamp": 1702840909.7211194, "mean_aqi": 2.155770752477486, "key": "596dff3ac05aeb906e63803d2bfcf01a"}, "40.678177_-73.94416": {"timestamp": 1702840913.7434433, "mean_aqi": 2.078940427295678, "key": "596dff3ac05aeb906e63803d2bfcf01a"}, "40.5834557_-74.1496048": {"timestamp": 1702840917.4869885, "mean_aqi": 1.9107728248992049, "key": "596dff3ac05aeb906e63803d2bfcf01a"}}