{"40.844784_-73.86483": {"timestamp": 1702505919.482113, "mean_aqi": 2.1543144520910533, "key": "596dff3ac05aeb906e63803d2bfcf01a"}, "40.783058_-73.971252": {"timestamp": 1702505929.214973, "mean_aqi": 2.1593813809271722, "key": "596dff3ac05aeb906e63803d2bfcf01a"}, "40.728226_-73.794853": {"timestamp": 1702505935.2092419, "mean_aqi": 2.1552597746351054, "key": "596dff3ac05aeb906e63803d2bfcf01a"}, "40.678177_-73.94416": {"timestamp": 1702505941.3666747, "mean_aqi": 2.079747409816229, "key": "596dff3ac05aeb906e63803d2bfcf01a"}, "40.5834557_-74.1496048": {"timestamp": 1702505947.5617466, "mean_aqi": 1.91151780987673, "key": "596dff3ac05aeb906e63803d2bfcf01a"}}