{"40.844784_-73.86483": {"timestamp": 1702579054.1746562, "mean_aqi": 2.153555505176453, "key": "596dff3ac05aeb906e63803d2bfcf01a"}, "40.783058_-73.971252": {"timestamp": 1702579059.2612433, "mean_aqi": 2.1591098012544396, "key": "596dff3ac05aeb906e63803d2bfcf01a"}, "40.728226_-73.794853": {"timestamp": 1702579062.6917102, "mean_aqi": 2.155066878258898, "key": "596dff3ac05aeb906e63803d2bfcf01a"}, "40.678177_-73.94416": {"timestamp": 1702579067.0252216, "mean_aqi": 2.078931459230711, "key": "596dff3ac05aeb906e63803d2bfcf01a"}, "40.5834557_-74.1496048": {"timestamp": 1702579069.9459803, "mean_aqi": 1.911055694098088, "key": "596dff3ac05aeb906e63803d2bfcf01a"}}